-- Core service seed data
-- Users
INSERT INTO users (id, user_auth_id, file_id, email, phone, bank_account_name, bank_account_holder, bank_account_number) VALUES ('00000000-0000-0000-0000-000000000010', '00000000-0000-0000-0000-000000000004', NULL, 'tutuplapak@projectsprint.com', '', 'Tutup Lapak Corp', 'Tutup Lapak', '1234567890') ON CONFLICT (id) DO NOTHING;
INSERT INTO users (id, user_auth_id, file_id, email, phone, bank_account_name, bank_account_holder, bank_account_number) VALUES ('00000000-0000-0000-0000-000000000011', '00000000-0000-0000-0000-000000000001', NULL, '', '+628562856285', 'Buka Jalan Corp', 'Buka Jalan', '0987654321') ON CONFLICT (id) DO NOTHING;
INSERT INTO users (id, user_auth_id, file_id, email, phone, bank_account_name, bank_account_holder, bank_account_number) VALUES ('00000000-0000-0000-0000-000000000012', '00000000-0000-0000-0000-000000000002', '00000000-0000-0000-0000-000000000100', 'seller@example.com', '+628123456789', 'Seller Business', 'John Seller', '1122334455') ON CONFLICT (id) DO NOTHING;
INSERT INTO users (id, user_auth_id, file_id, email, phone, bank_account_name, bank_account_holder, bank_account_number) VALUES ('00000000-0000-0000-0000-000000000013', '00000000-0000-0000-0000-000000000003', '00000000-0000-0000-0000-000000000200', 'buyer@example.com', '+628987654321', 'Buyer Account', 'Jane Buyer', '5544332211') ON CONFLICT (id) DO NOTHING;

-- Products
INSERT INTO products (id, name, category, qty, price, sku, file_id, user_id) VALUES ('00000000-0000-0000-0000-100000000000', 'Gaming Laptop', 'Electronics', 5, 15000000, 'LAPTOP-001', '00000000-0000-0000-0000-000000000100', '00000000-0000-0000-0000-000000000012') ON CONFLICT (id) DO NOTHING;
INSERT INTO products (id, name, category, qty, price, sku, file_id, user_id) VALUES ('00000000-0000-0000-0000-200000000000', 'Wireless Mouse', 'Electronics', 25, 500000, 'MOUSE-001', '00000000-0000-0000-0000-000000000200', '00000000-0000-0000-0000-000000000013') ON CONFLICT (id) DO NOTHING;
INSERT INTO products (id, name, category, qty, price, sku, file_id, user_id) VALUES ('00000000-0000-0000-0000-300000000000', 'Gaming Monitor 27"', 'Electronics', 12, 4500000, 'MONITOR-001', '00000000-0000-0000-0000-000000000100', '00000000-0000-0000-0000-000000000012') ON CONFLICT (id) DO NOTHING;
INSERT INTO products (id, name, category, qty, price, sku, file_id, user_id) VALUES ('00000000-0000-0000-0000-400000000000', 'Mechanical Keyboard', 'Electronics', 30, 1200000, 'KEYBOARD-001', '00000000-0000-0000-0000-000000000200', '00000000-0000-0000-0000-000000000013') ON CONFLICT (id) DO NOTHING;
INSERT INTO products (id, name, category, qty, price, sku, file_id, user_id) VALUES ('00000000-0000-0000-0000-500000000000', 'Bluetooth Headphones', 'Electronics', 18, 850000, 'HEADPHONE-001', '00000000-0000-0000-0000-000000000100', '00000000-0000-0000-0000-000000000012') ON CONFLICT (id) DO NOTHING;
INSERT INTO products (id, name, category, qty, price, sku, file_id, user_id) VALUES ('00000000-0000-0000-0000-600000000000', 'Smartphone Case', 'Electronics', 45, 150000, 'CASE-001', '00000000-0000-0000-0000-000000000200', '00000000-0000-0000-0000-000000000013') ON CONFLICT (id) DO NOTHING;
INSERT INTO products (id, name, category, qty, price, sku, file_id, user_id) VALUES ('00000000-0000-0000-0000-700000000000', 'Standing Desk', 'Furniture', 5, 2100000, 'DESK-001', '00000000-0000-0000-0000-000000000200', '00000000-0000-0000-0000-000000000013') ON CONFLICT (id) DO NOTHING;
INSERT INTO products (id, name, category, qty, price, sku, file_id, user_id) VALUES ('00000000-0000-0000-0000-800000000000', 'Cotton T-Shirt', 'Clothing', 50, 180000, 'SHIRT-001', '00000000-0000-0000-0000-000000000200', '00000000-0000-0000-0000-000000000013') ON CONFLICT (id) DO NOTHING;
INSERT INTO products (id, name, category, qty, price, sku, file_id, user_id) VALUES ('00000000-0000-0000-0000-900000000000', 'Denim Jeans', 'Clothing', 35, 450000, 'JEANS-001', '00000000-0000-0000-0000-000000000100', '00000000-0000-0000-0000-000000000012') ON CONFLICT (id) DO NOTHING;
INSERT INTO products (id, name, category, qty, price, sku, file_id, user_id) VALUES ('00000000-0000-0000-0000-A00000000000', 'Hoodie Premium', 'Clothing', 20, 320000, 'HOODIE-001', '00000000-0000-0000-0000-000000000200', '00000000-0000-0000-0000-000000000013') ON CONFLICT (id) DO NOTHING;
INSERT INTO products (id, name, category, qty, price, sku, file_id, user_id) VALUES ('00000000-0000-0000-0000-B00000000000', 'Sneakers Sport', 'Clothing', 28, 750000, 'SHOES-001', '00000000-0000-0000-0000-000000000100', '00000000-0000-0000-0000-000000000012') ON CONFLICT (id) DO NOTHING;
INSERT INTO products (id, name, category, qty, price, sku, file_id, user_id) VALUES ('00000000-0000-0000-0000-C00000000000', 'Baseball Cap', 'Clothing', 40, 120000, 'CAP-001', '00000000-0000-0000-0000-000000000200', '00000000-0000-0000-0000-000000000013') ON CONFLICT (id) DO NOTHING;
INSERT INTO products (id, name, category, qty, price, sku, file_id, user_id) VALUES ('00000000-0000-0000-0000-D00000000000', 'Organic Coffee Beans', 'Food', 60, 180000, 'COFFEE-001', '00000000-0000-0000-0000-000000000100', '00000000-0000-0000-0000-000000000012') ON CONFLICT (id) DO NOTHING;
INSERT INTO products (id, name, category, qty, price, sku, file_id, user_id) VALUES ('00000000-0000-0000-0000-E00000000000', 'Premium Chocolate', 'Food', 85, 85000, 'CHOCO-001', '00000000-0000-0000-0000-000000000200', '00000000-0000-0000-0000-000000000013') ON CONFLICT (id) DO NOTHING;
INSERT INTO products (id, name, category, qty, price, sku, file_id, user_id) VALUES ('00000000-0000-0000-0000-F00000000000', 'Local Honey 500g', 'Food', 42, 125000, 'HONEY-001', '00000000-0000-0000-0000-000000000100', '00000000-0000-0000-0000-000000000012') ON CONFLICT (id) DO NOTHING;
INSERT INTO products (id, name, category, qty, price, sku, file_id, user_id) VALUES ('00000000-0000-0000-0000-1A0000000000', 'Learn Go Programming', 'Books', 22, 350000, 'BOOK-GO-001', '00000000-0000-0000-0000-000000000200', '00000000-0000-0000-0000-000000000013') ON CONFLICT (id) DO NOTHING;
INSERT INTO products (id, name, category, qty, price, sku, file_id, user_id) VALUES ('00000000-0000-0000-0000-1B0000000000', 'System Design Guide', 'Books', 15, 520000, 'BOOK-SYS-001', '00000000-0000-0000-0000-000000000100', '00000000-0000-0000-0000-000000000012') ON CONFLICT (id) DO NOTHING;
INSERT INTO products (id, name, category, qty, price, sku, file_id, user_id) VALUES ('00000000-0000-0000-0000-1C0000000000', 'Database Fundamentals', 'Books', 18, 420000, 'BOOK-DB-001', '00000000-0000-0000-0000-000000000200', '00000000-0000-0000-0000-000000000013') ON CONFLICT (id) DO NOTHING;
INSERT INTO products (id, name, category, qty, price, sku, file_id, user_id) VALUES ('00000000-0000-0000-0000-1D0000000000', 'Screwdriver Set', 'Tools', 35, 280000, 'TOOL-SCREW-001', '00000000-0000-0000-0000-000000000100', '00000000-0000-0000-0000-000000000012') ON CONFLICT (id) DO NOTHING;
INSERT INTO products (id, name, category, qty, price, sku, file_id, user_id) VALUES ('00000000-0000-0000-0000-1E0000000000', 'Electric Drill', 'Tools', 12, 850000, 'TOOL-DRILL-001', '00000000-0000-0000-0000-000000000200', '00000000-0000-0000-0000-000000000013') ON CONFLICT (id) DO NOTHING;
INSERT INTO products (id, name, category, qty, price, sku, file_id, user_id) VALUES ('00000000-0000-0000-0000-1F0000000000', 'Office Chair Ergonomic', 'Furniture', 8, 1250000, 'CHAIR-001', '00000000-0000-0000-0000-000000000100', '00000000-0000-0000-0000-000000000012') ON CONFLICT (id) DO NOTHING;

-- Sample Purchases with correct structure
-- Purchase 1: Jane Buyer buys 1 Gaming Laptop from John Seller (single seller)
INSERT INTO purchases (id, sender_name, sender_contact_type, sender_contact_detail, purchased_items, payment_details, total_price, status, created_at) VALUES ('00000000-0000-0000-0001-000000000001', 'Jane Buyer', 'email', 'buyer@example.com', '[{"productId": "00000000-0000-0000-0000-100000000000", "name": "Gaming Laptop", "category": "Electronics", "qty": 1, "price": 15000000, "sku": "LAPTOP-001", "fileId": "00000000-0000-0000-0000-000000000100", "fileUri": "uploads/sample-product-1.jpg", "fileThumbnailUri": "uploads/sample-product-1-thumb.jpg", "createdAt": "2024-09-19T10:00:00Z", "updatedAt": "2024-09-19T10:00:00Z"}]', '[{"bankAccountName": "Seller Business", "bankAccountHolder": "John Seller", "bankAccountNumber": "1122334455", "totalPrice": 15000000}]', 15000000, 'unpaid', NOW() - INTERVAL '2 days') ON CONFLICT (id) DO NOTHING;
-- Purchase 2: Tutup Lapak buys 2 Mechanical Keyboards and 1 Wireless Mouse from different sellers (multi-seller)
INSERT INTO purchases (id, sender_name, sender_contact_type, sender_contact_detail, purchased_items, payment_details, total_price, status, created_at) VALUES ('00000000-0000-0000-0001-000000000002', 'Tutup Lapak', 'email', 'tutuplapak@projectsprint.com', '[{"productId": "00000000-0000-0000-0000-400000000000", "name": "Mechanical Keyboard", "category": "Electronics", "qty": 2, "price": 1200000, "sku": "KEYBOARD-001", "fileId": "00000000-0000-0000-0000-000000000200", "fileUri": "uploads/sample-product-2.jpg", "fileThumbnailUri": "uploads/sample-product-2-thumb.jpg", "createdAt": "2024-09-19T10:00:00Z", "updatedAt": "2024-09-19T10:00:00Z"}, {"productId": "00000000-0000-0000-0000-200000000000", "name": "Wireless Mouse", "category": "Electronics", "qty": 1, "price": 500000, "sku": "MOUSE-001", "fileId": "00000000-0000-0000-0000-000000000200", "fileUri": "uploads/sample-product-2.jpg", "fileThumbnailUri": "uploads/sample-product-2-thumb.jpg", "createdAt": "2024-09-19T10:00:00Z", "updatedAt": "2024-09-19T10:00:00Z"}]', '[{"bankAccountName": "Buyer Account", "bankAccountHolder": "Jane Buyer", "bankAccountNumber": "5544332211", "totalPrice": 2900000}]', 2900000, 'paid', NOW() - INTERVAL '1 day') ON CONFLICT (id) DO NOTHING;
-- Purchase 3: Buka Jalan buys multiple items from multiple sellers
INSERT INTO purchases (id, sender_name, sender_contact_type, sender_contact_detail, purchased_items, payment_details, total_price, status, created_at) VALUES ('00000000-0000-0000-0001-000000000003', 'Buka Jalan', 'phone', '+628562856285', '[{"productId": "00000000-0000-0000-0000-800000000000", "name": "Cotton T-Shirt", "category": "Clothing", "qty": 3, "price": 180000, "sku": "SHIRT-001", "fileId": "00000000-0000-0000-0000-000000000200", "fileUri": "uploads/sample-product-2.jpg", "fileThumbnailUri": "uploads/sample-product-2-thumb.jpg", "createdAt": "2024-09-19T10:00:00Z", "updatedAt": "2024-09-19T10:00:00Z"}, {"productId": "00000000-0000-0000-0000-D00000000000", "name": "Organic Coffee Beans", "category": "Food", "qty": 2, "price": 180000, "sku": "COFFEE-001", "fileId": "00000000-0000-0000-0000-000000000100", "fileUri": "uploads/sample-product-1.jpg", "fileThumbnailUri": "uploads/sample-product-1-thumb.jpg", "createdAt": "2024-09-19T10:00:00Z", "updatedAt": "2024-09-19T10:00:00Z"}]', '[{"bankAccountName": "Buyer Account", "bankAccountHolder": "Jane Buyer", "bankAccountNumber": "5544332211", "totalPrice": 540000}, {"bankAccountName": "Seller Business", "bankAccountHolder": "John Seller", "bankAccountNumber": "1122334455", "totalPrice": 360000}]', 900000, 'unpaid', NOW() - INTERVAL '6 hours') ON CONFLICT (id) DO NOTHING;